ahmed 20 ahmed@gmail.com
yasmine 22 yasmine@gmail.com
daly 26 daly@gmail.com
mahmoud 27 mahmoud@gmail.com
sami 19 sami@gmail.com
nizar 24 nizar@gmail.com
omar 20 omar@gmail.com
youssef 28 youssef@gmail.com
mourad 30 mourad@gmail.com
melek 31 melek@gmail.com
